attacked_rows,calibration_peak_state_bytes,elapsed_seconds,incremental_rss_bytes,k,method,n,output_bytes,p,peak_rss_bytes,rank,scenario,seed,state_bytes,status,subspace_error,throughput_rows_per_second,tier
6807,270532992,552.519861007,27611136,50,dual_bound,68579,1600000,10000,1959796736,20,bounded_out_of_subspace,500,12240000,completed,0.969014273229728,124.1204250558717,pbmc
6807,0,1422.198403287,33562624,50,rfd,68579,1600000,10000,1866870784,20,bounded_out_of_subspace,500,8240008,completed,0.9254440339006375,48.22041695553833,pbmc
6807,0,523.531577569,130220032,50,sketch_mad,68579,1600000,10000,370753536,20,bounded_out_of_subspace,500,14000024,completed,0.9831506799734873,130.99305359658365,pbmc
6807,0,1607.659129102,41893888,50,vanilla_fd,68579,1600000,10000,304230400,20,bounded_out_of_subspace,500,8080000,completed,0.9710686891625967,42.65767460189561,pbmc
6807,270532992,1025.280904161,54886400,50,dual_bound,68579,1600000,10000,1077579776,20,casewise,500,12240000,completed,0.9776648686809074,66.88801061414387,pbmc
6807,0,867.870331974,35282944,50,rfd,68579,1600000,10000,304283648,20,casewise,500,8240008,completed,0.9941360120591441,79.01986906732343,pbmc
6807,0,1448.655907403,130793472,50,sketch_mad,68579,1600000,10000,370212864,20,casewise,500,14000024,completed,0.9838105528349578,47.3397441376823,pbmc
6807,0,897.946714682,41910272,50,vanilla_fd,68579,1600000,10000,304304128,20,casewise,500,8080000,completed,0.9989953373046452,76.3731286931504,pbmc
68067,270532992,1119.931319223,55205888,50,dual_bound,68579,1600000,10000,1081733120,20,cellwise,500,12240000,completed,0.9921286137028731,61.23500506047068,pbmc
68067,0,880.659257643,35524608,50,rfd,68579,1600000,10000,307929088,20,cellwise,500,8240008,completed,0.9958381903621696,77.87234325287751,pbmc
68067,0,1496.733226282,129658880,50,sketch_mad,68579,1600000,10000,372457472,20,cellwise,500,14000024,completed,0.9827719649728318,45.81912046567944,pbmc
68067,0,901.21438144,42135552,50,vanilla_fd,68579,1600000,10000,307802112,20,cellwise,500,8080000,completed,0.9969495508146244,76.0962113037094,pbmc
0,270532992,1055.434938003,54968320,50,dual_bound,68579,1600000,10000,1076809728,20,clean,500,12240000,completed,0.9847881591774991,64.97700382153263,pbmc
0,0,906.958914973,35332096,50,rfd,68579,1600000,10000,303362048,20,clean,500,8240008,completed,0.9246561026280362,75.61423000295618,pbmc
0,0,1476.96478225,130768896,50,sketch_mad,68579,1600000,10000,368779264,20,clean,500,14000024,completed,0.9813503016778895,46.43238675977577,pbmc
0,0,869.283226798,41951232,50,vanilla_fd,68579,1600000,10000,303529984,20,clean,500,8080000,completed,0.9712348947915067,78.8914336385051,pbmc
6807,270532992,1043.46528227,55099392,50,dual_bound,68579,1600000,10000,1077342208,20,in_subspace,500,12240000,completed,0.9771671029472985,65.72235910984048,pbmc
6807,0,888.028992803,35475456,50,rfd,68579,1600000,10000,304046080,20,in_subspace,500,8240008,completed,0.9254442356998043,77.22608220654519,pbmc
6807,0,1448.936967005,130281472,50,sketch_mad,68579,1600000,10000,369213440,20,in_subspace,500,14000024,completed,0.9824193362709888,47.33056134371051,pbmc
6807,0,881.257910772,41934848,50,vanilla_fd,68579,1600000,10000,304037888,20,in_subspace,500,8080000,completed,0.9710686892829251,77.81944327730731,pbmc
6807,270532992,554.336327279,27611136,50,dual_bound,68579,1600000,10000,1959358464,20,bounded_out_of_subspace,501,12240000,completed,0.9700490115009966,123.71370344178054,pbmc
6807,0,1378.562378955,33480704,50,rfd,68579,1600000,10000,1866588160,20,bounded_out_of_subspace,501,8240008,completed,0.9241305096433478,49.74675143244904,pbmc
6807,0,520.52396207,130043904,50,sketch_mad,68579,1600000,10000,370159616,20,bounded_out_of_subspace,501,14000024,completed,0.9841293682841801,131.74993851825306,pbmc
6807,0,1656.95041551,41947136,50,vanilla_fd,68579,1600000,10000,304013312,20,bounded_out_of_subspace,501,8080000,completed,0.9707449336936074,41.38868571929581,pbmc
6807,270532992,1021.099866555,54943744,50,dual_bound,68579,1600000,10000,1077424128,20,casewise,501,12240000,completed,0.9792568598115357,67.16189301970309,pbmc
6807,0,778.533844103,35303424,50,rfd,68579,1600000,10000,304386048,20,casewise,501,8240008,completed,0.9938377457331941,88.08737156316482,pbmc
6807,0,1479.241517747,130772992,50,sketch_mad,68579,1600000,10000,369786880,20,casewise,501,14000024,completed,0.9837965723114567,46.360921578547334,pbmc
6807,0,801.332832563,41967616,50,vanilla_fd,68579,1600000,10000,304357376,20,casewise,501,8080000,completed,0.9989692553847548,85.58116829015412,pbmc
68067,270532992,1105.802189695,55201792,50,dual_bound,68579,1600000,10000,1081200640,20,cellwise,501,12240000,completed,0.9920908246565482,62.01742105332177,pbmc
68067,0,874.351540483,35569664,50,rfd,68579,1600000,10000,307777536,20,cellwise,501,8240008,completed,0.9955625709211731,78.43412726432244,pbmc
68067,0,1520.160177249,130912256,50,sketch_mad,68579,1600000,10000,373338112,20,cellwise,501,14000024,completed,0.9828754734723919,45.11300915940706,pbmc
68067,0,802.215312837,42110976,50,vanilla_fd,68579,1600000,10000,307920896,20,cellwise,501,8080000,completed,0.9924829835457477,85.48702437189002,pbmc
0,270532992,1011.059481618,55144448,50,dual_bound,68579,1600000,10000,1076887552,20,clean,501,12240000,completed,0.9847881591774991,67.82884810125407,pbmc
0,0,855.731284722,35332096,50,rfd,68579,1600000,10000,303509504,20,clean,501,8240008,completed,0.9246560855307053,80.1408119866497,pbmc
0,0,1500.565844732,130871296,50,sketch_mad,68579,1600000,10000,368275456,20,clean,501,14000024,completed,0.9813503016778895,45.70209314090323,pbmc
0,0,912.871206193,41979904,50,vanilla_fd,68579,1600000,10000,303353856,20,clean,501,8080000,completed,0.9712348947915067,75.12450774518237,pbmc
6807,270532992,1084.694038875,55099392,50,dual_bound,68579,1600000,10000,1077231616,20,in_subspace,501,12240000,completed,0.9773485834042895,63.22428034280277,pbmc
6807,0,832.033818897,35459072,50,rfd,68579,1600000,10000,303804416,20,in_subspace,501,8240008,completed,0.9241304538519899,82.42333237237033,pbmc
6807,0,1499.630383181,130891776,50,sketch_mad,68579,1600000,10000,369442816,20,in_subspace,501,14000024,completed,0.9833316847215342,45.730601866395205,pbmc
6807,0,892.618529725,41934848,50,vanilla_fd,68579,1600000,10000,304058368,20,in_subspace,501,8080000,completed,0.9707449339987112,76.82901230061623,pbmc
6807,270532992,560.44129179,27611136,50,dual_bound,68579,1600000,10000,1960370176,20,bounded_out_of_subspace,502,12240000,completed,0.9698167119527811,122.36607295826602,pbmc
6807,0,1411.170797205,33480704,50,rfd,68579,1600000,10000,1867517952,20,bounded_out_of_subspace,502,8240008,completed,0.9240767490716402,48.59723581003041,pbmc
6807,0,512.931308905,130916352,50,sketch_mad,68579,1600000,10000,371281920,20,bounded_out_of_subspace,502,14000024,completed,0.9830861456341622,133.70016376345143,pbmc
6807,0,1607.528663477,41893888,50,vanilla_fd,68579,1600000,10000,304476160,20,bounded_out_of_subspace,502,8080000,completed,0.9706878635178439,42.66113666158041,pbmc
6807,270532992,1202.765690954,54919168,50,dual_bound,68579,1600000,10000,1077747712,20,casewise,502,12240000,completed,0.9780181811138722,57.0177554246705,pbmc
6807,0,979.842555382,35241984,50,rfd,68579,1600000,10000,304275456,20,casewise,502,8240008,completed,0.9937494005329595,69.98981583654925,pbmc
6807,0,1569.777448235,130813952,50,sketch_mad,68579,1600000,10000,369860608,20,casewise,502,14000024,completed,0.9843186367328206,43.68708448264925,pbmc
6807,0,1041.910658284,41848832,50,vanilla_fd,68579,1600000,10000,304365568,20,casewise,502,8080000,completed,0.998950076351596,65.82042275385477,pbmc
68067,270532992,1188.449609165,55222272,50,dual_bound,68579,1600000,10000,1081700352,20,cellwise,502,12240000,completed,0.992200581941417,57.70459216035531,pbmc
68067,0,1003.972578906,35516416,50,rfd,68579,1600000,10000,307900416,20,cellwise,502,8240008,completed,0.9983689967760911,68.30764250028479,pbmc
68067,0,1596.174741928,130809856,50,sketch_mad,68579,1600000,10000,373321728,20,cellwise,502,14000024,completed,0.9824916918311966,42.96459416289488,pbmc
68067,0,998.281011044,42176512,50,vanilla_fd,68579,1600000,10000,307716096,20,cellwise,502,8080000,completed,0.9910465161815087,68.69708953822555,pbmc
0,270532992,1140.227828329,55017472,50,dual_bound,68579,1600000,10000,1076752384,20,clean,502,12240000,completed,0.9847881591774991,60.144997601490125,pbmc
0,0,970.131290534,35323904,50,rfd,68579,1600000,10000,303534080,20,clean,502,8240008,completed,0.9246591712466312,70.6904319746777,pbmc
0,0,1563.754070831,130850816,50,sketch_mad,68579,1600000,10000,369254400,20,clean,502,14000024,completed,0.9813503016778895,43.855361453068,pbmc
0,0,952.363302897,42041344,50,vanilla_fd,68579,1600000,10000,303521792,20,clean,502,8080000,completed,0.9712348947915067,72.00928447304626,pbmc
6807,270532992,1072.345989248,55091200,50,dual_bound,68579,1600000,10000,1077391360,20,in_subspace,502,12240000,completed,0.977315279747376,63.952307079632135,pbmc
6807,0,925.776006613,35532800,50,rfd,68579,1600000,10000,303927296,20,in_subspace,502,8240008,completed,0.9240767905935633,74.07731406963102,pbmc
6807,0,1791.097895474,130859008,50,sketch_mad,68579,1600000,10000,369319936,20,in_subspace,502,14000024,completed,0.9831271831683591,38.288806085527284,pbmc
6807,0,999.661376794,41992192,50,vanilla_fd,68579,1600000,10000,303583232,20,in_subspace,502,8080000,completed,0.9706878636834971,68.60223030716536,pbmc
6807,270532992,531.574703783,27611136,50,dual_bound,68579,1600000,10000,1959985152,20,bounded_out_of_subspace,503,12240000,completed,0.9705902628789609,129.01102989279073,pbmc
6807,0,1392.88657059,33611776,50,rfd,68579,1600000,10000,1866883072,20,bounded_out_of_subspace,503,8240008,completed,0.9241048546167094,49.23516490718354,pbmc
6807,0,522.25449316,130600960,50,sketch_mad,68579,1600000,10000,370827264,20,bounded_out_of_subspace,503,14000024,completed,0.9834542522263191,131.31337479750482,pbmc
6807,0,1637.764772237,41824256,50,vanilla_fd,68579,1600000,10000,304300032,20,bounded_out_of_subspace,503,8080000,completed,0.9706615804155682,41.873534687358614,pbmc
6807,270532992,1454.597112612,54935552,50,dual_bound,68579,1600000,10000,1077952512,20,casewise,503,12240000,completed,0.9777713683955028,47.14638809976299,pbmc
6807,0,883.12364654,35311616,50,rfd,68579,1600000,10000,304267264,20,casewise,503,8240008,completed,0.9947954738831902,77.65503762546324,pbmc
6807,0,1977.423841072,130830336,50,sketch_mad,68579,1600000,10000,370454528,20,casewise,503,14000024,completed,0.9839533422065758,34.68098167706018,pbmc
6807,0,890.835425381,41926656,50,vanilla_fd,68579,1600000,10000,304476160,20,casewise,503,8080000,completed,0.9990042233959048,76.98279395508946,pbmc
68067,270532992,1809.470863552,55128064,50,dual_bound,68579,1600000,10000,1081249792,20,cellwise,503,12240000,completed,0.9919636067519513,37.90002999295556,pbmc
68067,0,1201.440738951,35459072,50,rfd,68579,1600000,10000,308031488,20,cellwise,503,8240008,completed,0.9951403868786526,57.08063475513373,pbmc
68067,0,2372.315145908,130752512,50,sketch_mad,68579,1600000,10000,373768192,20,cellwise,503,14000024,completed,0.9833223973192602,28.908047954038373,pbmc
68067,0,1198.920670885,42065920,50,vanilla_fd,68579,1600000,10000,307949568,20,cellwise,503,8080000,completed,0.9973589122919141,57.20061524118811,pbmc
0,270532992,1305.198476546,54964224,50,dual_bound,68579,1600000,10000,1076609024,20,clean,503,12240000,completed,0.9847881591774991,52.5429666310088,pbmc
0,0,913.936414682,35368960,50,rfd,68579,1600000,10000,303529984,20,clean,503,8240008,completed,0.9246561651546574,75.03694884929358,pbmc
0,0,1950.952636316,130834432,50,sketch_mad,68579,1600000,10000,369037312,20,clean,503,14000024,completed,0.9813503016778895,35.15154531352349,pbmc
0,0,915.745784021,41951232,50,vanilla_fd,68579,1600000,10000,303742976,20,clean,503,8080000,completed,0.9712348947915067,74.88868766490258,pbmc
6807,270532992,2038.895421663,55156736,50,dual_bound,68579,1600000,10000,1077551104,20,in_subspace,503,12240000,completed,0.9773434241976692,33.63536906864227,pbmc
6807,0,1423.319416846,35536896,50,rfd,68579,1600000,10000,304029696,20,in_subspace,503,8240008,completed,0.9241045779201155,48.18243831168088,pbmc
6807,0,2559.79798571,130932736,50,sketch_mad,68579,1600000,10000,369954816,20,in_subspace,503,14000024,completed,0.9825606454308637,26.790785985003634,pbmc
6807,0,1272.927521454,41926656,50,vanilla_fd,68579,1600000,10000,303632384,20,in_subspace,503,8080000,completed,0.9706615802180324,53.87502339619911,pbmc
6807,270532992,545.222096689,27615232,50,dual_bound,68579,1600000,10000,1959481344,20,bounded_out_of_subspace,504,12240000,completed,0.9695404325473777,125.78176933118347,pbmc
6807,0,1460.289257622,33562624,50,rfd,68579,1600000,10000,1866485760,20,bounded_out_of_subspace,504,8240008,completed,0.9249060793278914,46.962613497326615,pbmc
6807,0,536.66305071,130076672,50,sketch_mad,68579,1600000,10000,370610176,20,bounded_out_of_subspace,504,14000024,completed,0.9830585513436468,127.78781753144855,pbmc
6807,0,1556.054368602,41832448,50,vanilla_fd,68579,1600000,10000,304320512,20,bounded_out_of_subspace,504,8080000,completed,0.9703918693744618,44.07236751092005,pbmc
6807,270532992,2149.062545961,54927360,50,dual_bound,68579,1600000,10000,1077481472,20,casewise,504,12240000,completed,0.9793158192874639,31.911123354175533,pbmc
6807,0,1696.10597859,35303424,50,rfd,68579,1600000,10000,304312320,20,casewise,504,8240008,completed,0.9952260277973741,40.43320456721155,pbmc
6807,0,2405.822137216,130818048,50,sketch_mad,68579,1600000,10000,370204672,20,casewise,504,14000024,completed,0.9852669256633876,28.505432275787072,pbmc
6807,0,1720.604110569,41967616,50,vanilla_fd,68579,1600000,10000,304201728,20,casewise,504,8080000,completed,0.9989359075009897,39.85751259034309,pbmc
68067,270532992,2154.530109903,55103488,50,dual_bound,68579,1600000,10000,1081122816,20,cellwise,504,12240000,completed,0.9921132434655621,31.830142305640617,pbmc
68067,0,1673.012881624,35528704,50,rfd,68579,1600000,10000,307429376,20,cellwise,504,8240008,completed,0.9962762072789019,40.99131617769141,pbmc
68067,0,2485.978384061,130867200,50,sketch_mad,68579,1600000,10000,374288384,20,cellwise,504,14000024,completed,0.9824397146697259,27.58632192447786,pbmc
68067,0,1752.258930864,42131456,50,vanilla_fd,68579,1600000,10000,307552256,20,cellwise,504,8080000,completed,0.9961591740800829,39.13748064972636,pbmc
0,270532992,2124.751008088,55148544,50,dual_bound,68579,1600000,10000,1076858880,20,clean,504,12240000,completed,0.9847881591774991,32.27625248273782,pbmc
0,0,1776.250969386,35274752,50,rfd,68579,1600000,10000,303505408,20,clean,504,8240008,completed,0.9246559707479309,38.60884592434921,pbmc
0,0,2593.963262156,130859008,50,sketch_mad,68579,1600000,10000,369541120,20,clean,504,14000024,completed,0.9813503016778895,26.437922618456764,pbmc
0,0,1689.291251443,41885696,50,vanilla_fd,68579,1600000,10000,303599616,20,clean,504,8080000,completed,0.9712348947915067,40.59631513595984,pbmc
6807,270532992,2064.235636984,55111680,50,dual_bound,68579,1600000,10000,1076252672,20,in_subspace,504,12240000,completed,0.9773745155724032,33.2224668401709,pbmc
6807,0,1679.256552689,35540992,50,rfd,68579,1600000,10000,303583232,20,in_subspace,504,8240008,completed,0.9249060529372775,40.838905699182284,pbmc
6807,0,2416.887821348,130936832,50,sketch_mad,68579,1600000,10000,370610176,20,in_subspace,504,14000024,completed,0.98252667235643,28.37492058764672,pbmc
6807,0,1675.20209492,41943040,50,vanilla_fd,68579,1600000,10000,303759360,20,in_subspace,504,8080000,completed,0.9703918693638977,40.937747277157634,pbmc
6807,270532992,531.695502274,27611136,50,dual_bound,68579,1600000,10000,1959694336,20,bounded_out_of_subspace,505,12240000,completed,0.9708259623855848,128.9817192485089,pbmc
6807,0,1381.748482062,33562624,50,rfd,68579,1600000,10000,1866760192,20,bounded_out_of_subspace,505,8240008,completed,0.9243666189749471,49.63204294435607,pbmc
6807,0,502.568442005,130076672,50,sketch_mad,68579,1600000,10000,370520064,20,bounded_out_of_subspace,505,14000024,completed,0.983230571707855,136.45703603354727,pbmc
6807,0,1611.079944645,41820160,50,vanilla_fd,68579,1600000,10000,304357376,20,bounded_out_of_subspace,505,8080000,completed,0.9707085520308735,42.56709930996709,pbmc
6807,270532992,2027.638854776,54923264,50,dual_bound,68579,1600000,10000,1077837824,20,casewise,505,12240000,completed,0.9776691747164428,33.82209797295295,pbmc
6807,0,1562.23013142,35291136,50,rfd,68579,1600000,10000,304361472,20,casewise,505,8240008,completed,0.9940354536785069,43.89814190670144,pbmc
6807,0,2466.519803563,130744320,50,sketch_mad,68579,1600000,10000,369922048,20,casewise,505,14000024,completed,0.9851125112592134,27.8039527195097,pbmc
6807,0,1613.557596625,41852928,50,vanilla_fd,68579,1600000,10000,304291840,20,casewise,505,8080000,completed,0.998899054596843,42.501736624365535,pbmc
68067,270532992,2118.749768547,55152640,50,dual_bound,68579,1600000,10000,1080979456,20,cellwise,505,12240000,completed,0.9921457447642118,32.36767315237525,pbmc
68067,0,1616.985365594,35512320,50,rfd,68579,1600000,10000,307822592,20,cellwise,505,8240008,completed,0.9952793232530108,42.41163925117373,pbmc
68067,0,2490.467118277,130777088,50,sketch_mad,68579,1600000,10000,374943744,20,cellwise,505,14000024,completed,0.9826250972870525,27.536601265165697,pbmc
68067,0,1628.270105232,42057728,50,vanilla_fd,68579,1600000,10000,307929088,20,cellwise,505,8080000,completed,0.9950524694713384,42.11770502918414,pbmc
0,270532992,2027.911365504,55025664,50,dual_bound,68579,1600000,10000,1077030912,20,clean,505,12240000,completed,0.9847881591774991,33.81755295944897,pbmc
0,0,1518.207725196,35323904,50,rfd,68579,1600000,10000,303620096,20,clean,505,8240008,completed,0.9246560702056339,45.171025586203285,pbmc
0,0,2485.292532732,130883584,50,sketch_mad,68579,1600000,10000,369197056,20,clean,505,14000024,completed,0.9813503016778895,27.59393475689293,pbmc
0,0,1596.506114841,42045440,50,vanilla_fd,68579,1600000,10000,303652864,20,clean,505,8080000,completed,0.9712348947915067,42.95567637511363,pbmc
6807,270532992,2049.640790346,55115776,50,dual_bound,68579,1600000,10000,1077444608,20,in_subspace,505,12240000,completed,0.9774076148576629,33.45903356481463,pbmc
6807,0,1622.040445445,35536896,50,rfd,68579,1600000,10000,304197632,20,in_subspace,505,8240008,completed,0.9243666991084254,42.27946361792824,pbmc
6807,0,2517.378446838,130854912,50,sketch_mad,68579,1600000,10000,369696768,20,in_subspace,505,14000024,completed,0.9828843021389966,27.24222894898458,pbmc
6807,0,1661.780025541,41992192,50,vanilla_fd,68579,1600000,10000,303673344,20,in_subspace,505,8080000,completed,0.9707085518017724,41.26839831142741,pbmc
6807,270532992,670.995713372,27611136,50,dual_bound,68579,1600000,10000,1958400000,20,bounded_out_of_subspace,506,12240000,completed,0.9697977069827759,102.20482580338007,pbmc
6807,0,1432.814816326,33566720,50,rfd,68579,1600000,10000,1867055104,20,bounded_out_of_subspace,506,8240008,completed,0.9260066881967228,47.86312872995628,pbmc
6807,0,2436.791928911,130789376,50,sketch_mad,68579,1600000,10000,369283072,20,bounded_out_of_subspace,506,14000024,completed,0.9831324572331059,28.14314968231526,pbmc
6807,0,1583.406152356,41885696,50,vanilla_fd,68579,1600000,10000,304328704,20,bounded_out_of_subspace,506,8080000,completed,0.9720473478290412,43.31106071424514,pbmc
6807,270532992,2053.344172071,54902784,50,dual_bound,68579,1600000,10000,1077252096,20,casewise,506,12240000,completed,0.9786180874430509,33.39868733785205,pbmc
6807,0,1657.706091294,35246080,50,rfd,68579,1600000,10000,304300032,20,casewise,506,8240008,completed,0.9942896539744505,41.36981842569418,pbmc
6807,0,2401.066231914,130805760,50,sketch_mad,68579,1600000,10000,369336320,20,casewise,506,14000024,completed,0.9838699736185176,28.561894331974564,pbmc
6807,0,1634.33269193,41844736,50,vanilla_fd,68579,1600000,10000,304361472,20,casewise,506,8080000,completed,0.9990975495363354,41.961468640154514,pbmc
68067,270532992,2006.462819533,55218176,50,dual_bound,68579,1600000,10000,1081311232,20,cellwise,506,12240000,completed,0.9922187006906932,34.17905347279827,pbmc
68067,0,1630.416636945,35487744,50,rfd,68579,1600000,10000,307851264,20,cellwise,506,8240008,completed,0.9961791920414559,42.06225479181824,pbmc
68067,0,2344.029697243,130867200,50,sketch_mad,68579,1600000,10000,373669888,20,cellwise,506,14000024,completed,0.9834808195863041,29.256881890473153,pbmc
68067,0,1629.796629955,42098688,50,vanilla_fd,68579,1600000,10000,307449856,20,cellwise,506,8080000,completed,0.995411373999673,42.078256108489754,pbmc
0,270532992,2039.002122461,55054336,50,dual_bound,68579,1600000,10000,1076998144,20,clean,506,12240000,completed,0.9847881591774991,33.6336089327988,pbmc
0,0,1641.205352041,35323904,50,rfd,68579,1600000,10000,303542272,20,clean,506,8240008,completed,0.9246562408493412,41.785752108787165,pbmc
0,0,2450.310885575,130883584,50,sketch_mad,68579,1600000,10000,369704960,20,clean,506,14000024,completed,0.9813503016778895,27.987877131724435,pbmc
0,0,1612.100926102,42041344,50,vanilla_fd,68579,1600000,10000,303099904,20,clean,506,8080000,completed,0.9712348947915067,42.54014056416522,pbmc
6807,270532992,1828.527146063,55095296,50,dual_bound,68579,1600000,10000,1077579776,20,in_subspace,506,12240000,completed,0.9772251398922626,37.50504888464871,pbmc
6807,0,1597.821111983,35532800,50,rfd,68579,1600000,10000,303628288,20,in_subspace,506,8240008,completed,0.9260067370406534,42.92032411243396,pbmc
6807,0,2057.022988596,131014656,50,sketch_mad,68579,1600000,10000,369795072,20,in_subspace,506,14000024,completed,0.9830855483112103,33.338956530966094,pbmc
6807,0,1589.240516195,41926656,50,vanilla_fd,68579,1600000,10000,303579136,20,in_subspace,506,8080000,completed,0.9720473479723328,43.15205867277634,pbmc
6807,270532992,121.434327309,39952384,50,dual_bound,68579,1600000,10000,1978036224,20,bounded_out_of_subspace,507,12240000,completed,0.9694478472542283,564.7414657759407,pbmc
6807,0,1389.958341848,33484800,50,rfd,68579,1600000,10000,1866522624,20,bounded_out_of_subspace,507,8240008,completed,0.9241776270699265,49.33888875318503,pbmc
6807,0,313.952900313,40157184,50,sketch_mad,68579,1600000,10000,1977851904,20,bounded_out_of_subspace,507,14000024,completed,0.9836647315834153,218.43722396457926,pbmc
6807,0,1628.717522862,41893888,50,vanilla_fd,68579,1600000,10000,304320512,20,bounded_out_of_subspace,507,8080000,completed,0.9707389585381057,42.10613506477922,pbmc
6807,270532992,1158.440086372,54894592,50,dual_bound,68579,1600000,10000,1077608448,20,casewise,507,12240000,completed,0.9780370658421798,59.19943621320594,pbmc
6807,0,1316.869549411,35303424,50,rfd,68579,1600000,10000,304173056,20,casewise,507,8240008,completed,0.9950289624372931,52.07729196158687,pbmc
6807,0,1393.320306362,130809856,50,sketch_mad,68579,1600000,10000,370823168,20,casewise,507,14000024,completed,0.9845124242166233,49.2198381713547,pbmc
6807,0,1364.150279432,41861120,50,vanilla_fd,68579,1600000,10000,304496640,20,casewise,507,8080000,completed,0.9989006095418931,50.27232045765125,pbmc
68067,270532992,832.162001638,55283712,50,dual_bound,68579,1600000,10000,1081774080,20,cellwise,507,12240000,completed,0.9920439852409483,82.41063622829614,pbmc
68067,0,946.722762289,35627008,50,rfd,68579,1600000,10000,307736576,20,cellwise,507,8240008,completed,0.9954163132036163,72.43831323352647,pbmc
68067,0,987.529590304,130781184,50,sketch_mad,68579,1600000,10000,374575104,20,cellwise,507,14000024,completed,0.9830151126853135,69.44500769732755,pbmc
68067,0,1025.622243754,42229760,50,vanilla_fd,68579,1600000,10000,307507200,20,cellwise,507,8080000,completed,0.9931313191353427,66.86574946832859,pbmc
0,270532992,1543.056930071,55128064,50,dual_bound,68579,1600000,10000,1076436992,20,clean,507,12240000,completed,0.9847881591774991,44.44359677438765,pbmc
0,0,1475.524250366,35295232,50,rfd,68579,1600000,10000,303579136,20,clean,507,8240008,completed,0.9246561743376585,46.47771799276708,pbmc
0,0,1714.795832451,130314240,50,sketch_mad,68579,1600000,10000,369336320,20,clean,507,14000024,completed,0.9813503016778895,39.992516136441935,pbmc
0,0,1518.491466052,42045440,50,vanilla_fd,68579,1600000,10000,303448064,20,clean,507,8080000,completed,0.9712348947915067,45.162585061015776,pbmc
6807,270532992,516.214104824,55054336,50,dual_bound,68579,1600000,10000,1077133312,20,in_subspace,507,12240000,completed,0.9772634510008201,132.84991510137365,pbmc
6807,0,639.774485064,35483648,50,rfd,68579,1600000,10000,303689728,20,in_subspace,507,8240008,completed,0.9241775207098321,107.19245859443689,pbmc
6807,0,669.296876944,130883584,50,sketch_mad,68579,1600000,10000,371310592,20,in_subspace,507,14000024,completed,0.9841235185072744,102.4642462297609,pbmc
6807,0,701.055028461,42000384,50,vanilla_fd,68579,1600000,10000,303620096,20,in_subspace,507,8080000,completed,0.9707389583982058,97.82256344491091,pbmc
6807,270532992,609.561513291,27611136,50,dual_bound,68579,1600000,10000,1957826560,20,bounded_out_of_subspace,508,12240000,completed,0.9693775236069914,112.50546254100678,pbmc
6807,0,1464.899521499,33562624,50,rfd,68579,1600000,10000,1866838016,20,bounded_out_of_subspace,508,8240008,completed,0.9241923682232449,46.814814936811906,pbmc
6807,0,2497.650153532,130785280,50,sketch_mad,68579,1600000,10000,368701440,20,bounded_out_of_subspace,508,14000024,completed,0.9836039483553302,27.45740827754457,pbmc
6807,0,1573.463542563,41889792,50,vanilla_fd,68579,1600000,10000,304275456,20,bounded_out_of_subspace,508,8080000,completed,0.9706720763116881,43.58474037999782,pbmc
6807,270532992,2072.852692135,54898688,50,dual_bound,68579,1600000,10000,1077440512,20,casewise,508,12240000,completed,0.9782802260480538,33.084357735698475,pbmc
6807,0,1558.448583402,35299328,50,rfd,68579,1600000,10000,304267264,20,casewise,508,8240008,completed,0.9958322800522283,44.00465997427785,pbmc
6807,0,2480.299854555,130793472,50,sketch_mad,68579,1600000,10000,370573312,20,casewise,508,14000024,completed,0.9845353241090228,27.649479507107426,pbmc
6807,0,1607.659837326,41971712,50,vanilla_fd,68579,1600000,10000,304263168,20,casewise,508,8080000,completed,0.9990399113759285,42.65765580986745,pbmc
68067,270532992,1876.438142964,55283712,50,dual_bound,68579,1600000,10000,1081323520,20,cellwise,508,12240000,completed,0.992091617009417,36.5474344343019,pbmc
68067,0,1653.015491031,35549184,50,rfd,68579,1600000,10000,308043776,20,cellwise,508,8240008,completed,0.9953027384823373,41.48720951019442,pbmc
68067,0,2415.045193447,130772992,50,sketch_mad,68579,1600000,10000,374734848,20,cellwise,508,14000024,completed,0.9833423287150147,28.396570046011032,pbmc
68067,0,1682.249146703,42143744,50,vanilla_fd,68579,1600000,10000,307789824,20,cellwise,508,8080000,completed,0.9953386125717334,40.76625637433453,pbmc
0,270532992,2010.737506431,55083008,50,dual_bound,68579,1600000,10000,1076801536,20,clean,508,12240000,completed,0.9847881591774991,34.10639120256214,pbmc
0,0,1584.257691846,35332096,50,rfd,68579,1600000,10000,303493120,20,clean,508,8240008,completed,0.9246561253107126,43.2877809923023,pbmc
0,0,2532.136680197,130707456,50,sketch_mad,68579,1600000,10000,370274304,20,clean,508,14000024,completed,0.9813503016778895,27.083451117127122,pbmc
0,0,1623.378526639,42037248,50,vanilla_fd,68579,1600000,10000,303206400,20,clean,508,8080000,completed,0.9712348947915067,42.24461447200743,pbmc
6807,270532992,1146.23949271,55164928,50,dual_bound,68579,1600000,10000,1077235712,20,in_subspace,508,12240000,completed,0.9772472733701182,59.82955607109812,pbmc
6807,0,1420.974454599,35512320,50,rfd,68579,1600000,10000,304156672,20,in_subspace,508,8240008,completed,0.9241923915132044,48.26195135179474,pbmc
6807,0,1764.04793509,131018752,50,sketch_mad,68579,1600000,10000,370302976,20,in_subspace,508,14000024,completed,0.9833966776472716,38.87592770913063,pbmc
6807,0,1504.893864789,41984000,50,vanilla_fd,68579,1600000,10000,303738880,20,in_subspace,508,8080000,completed,0.970672076474878,45.57065558215656,pbmc
6807,270532992,120.628969357,39952384,50,dual_bound,68579,1600000,10000,1977622528,20,bounded_out_of_subspace,509,12240000,completed,0.969415276900532,568.5118621634018,pbmc
6807,0,1430.623694069,33566720,50,rfd,68579,1600000,10000,1866911744,20,bounded_out_of_subspace,509,8240008,completed,0.9260882766550061,47.936435195580074,pbmc
6807,0,313.64656598,40161280,50,sketch_mad,68579,1600000,10000,1977409536,20,bounded_out_of_subspace,509,14000024,completed,0.9837274467826118,218.65056862880817,pbmc
6807,0,1600.622130454,41893888,50,vanilla_fd,68579,1600000,10000,304271360,20,bounded_out_of_subspace,509,8080000,completed,0.9710098207218606,42.84521542917083,pbmc
6807,270532992,2243.054346842,54878208,50,dual_bound,68579,1600000,10000,1077313536,20,casewise,509,12240000,completed,0.9778746626041144,30.57393597999642,pbmc
6807,0,1710.621987702,35303424,50,rfd,68579,1600000,10000,304324608,20,casewise,509,8240008,completed,0.9929787676406676,40.09009617146746,pbmc
6807,0,2737.258699391,130809856,50,sketch_mad,68579,1600000,10000,369991680,20,casewise,509,14000024,completed,0.9835252028721941,25.05389790714989,pbmc
6807,0,1705.115451601,41852928,50,vanilla_fd,68579,1600000,10000,303616000,20,casewise,509,8080000,completed,0.9990158807101418,40.219563980614026,pbmc
68067,270532992,2059.146852615,55132160,50,dual_bound,68579,1600000,10000,1081147392,20,cellwise,509,12240000,completed,0.9920930655541479,33.30456976048529,pbmc
68067,0,1794.413588225,35577856,50,rfd,68579,1600000,10000,307765248,20,cellwise,509,8240008,completed,0.9943810549481719,38.218056556201766,pbmc
68067,0,2492.892423889,130748416,50,sketch_mad,68579,1600000,10000,373321728,20,cellwise,509,14000024,completed,0.9816837429255271,27.509811230849003,pbmc
68067,0,1734.470160278,42131456,50,vanilla_fd,68579,1600000,10000,307691520,20,cellwise,509,8080000,completed,0.9977852604109252,39.53887565814807,pbmc
0,270532992,2167.709835589,55156736,50,dual_bound,68579,1600000,10000,1076699136,20,clean,509,12240000,completed,0.9847881591774991,31.636614307913604,pbmc
0,0,1750.660095379,35241984,50,rfd,68579,1600000,10000,303128576,20,clean,509,8240008,completed,0.9246562340444484,39.17322396336071,pbmc
0,0,2677.224734898,130830336,50,sketch_mad,68579,1600000,10000,369147904,20,clean,509,14000024,completed,0.9813503016778895,25.615705363118426,pbmc
0,0,1693.856962791,41951232,50,vanilla_fd,68579,1600000,10000,302661632,20,clean,509,8080000,completed,0.9712348947915067,40.486889688135825,pbmc
6807,270532992,1966.627189383,55095296,50,dual_bound,68579,1600000,10000,1077125120,20,in_subspace,509,12240000,completed,0.9771721488702272,34.87137794607408,pbmc
6807,0,1570.821561508,35479552,50,rfd,68579,1600000,10000,303960064,20,in_subspace,509,8240008,completed,0.9260883809503048,43.65804600629728,pbmc
6807,0,2454.219354443,130936832,50,sketch_mad,68579,1600000,10000,369786880,20,in_subspace,509,14000024,completed,0.9832867474622236,27.943305017071065,pbmc
6807,0,1633.362886824,41938944,50,vanilla_fd,68579,1600000,10000,304136192,20,in_subspace,509,8080000,completed,0.9710098205160228,41.98638315662281,pbmc
